"name","ttime","heading","connected.barges","birthday","origin","destination","link1tt","link2tt","link3tt","link4tt","id"
"265648",4.5,270,15,131,"59","17",0,0,0,0,"714"
"601600",3,270,15,305,"72","36",0,0,0,0,"790"
"1015572",5,270,13,518,"55","36",0,0,0,0,"716"
"1251466",1.5,270,11,641,"70","18",0,0,0,0,"163"
"1382801",3.5,270,3,709,"58","38",0,0,0,0,"792"
"1572705",3.5,270,15,806,"68","22",0,0,0,0,"762"
"1572705",3.5,270,1572705,270,"nighttime","766",NA,26211.75,0.515706351397755,4.5,"3.014404729033667"
