"name","ttime","heading","connected.barges","birthday","origin","destination","link1tt","link2tt","link3tt","link4tt","id"
"601600",2,270,15,305,"72","36",0,0,0,0,"790"
"609381",2,270,15,308,"74","10",0,0,0,0,"818"
"1015572",6,270,13,518,"55","36",0,0,0,0,"716"
"1294003",1.5,270,15,662,"71","5",0,0,0,0,"1431"
"1382801",3.5,270,3,709,"58","38",0,0,0,0,"792"
"1572705",3,270,15,806,"68","22",0,0,0,0,"762"
"1572705",3,270,1572705,270,"nighttime","766",NA,26211.75,0.515706351397755,4.5,"3.014404729033667"
