"name","ttime","heading","connected.barges","birthday","origin","destination","link1tt","link2tt","link3tt","link4tt","id"
"273385",2.5,270,15,134,"71","39",0,0,0,0,"321"
"547610",3.5,270,15,276,"73","35",0,0,0,0,"1383"
"609381",3,270,15,308,"74","10",0,0,0,0,"818"
"644363",2,270,11,326,"74","37",0,0,0,0,"49"
"1294003",3,270,15,662,"71","5",0,0,0,0,"1431"
"1344155",2.5,270,15,688,"70","29",0,0,0,0,"878"
"1572705",6.5,270,15,806,"68","22",0,0,0,0,"762"
"1572705",6.5,270,1572705,270,"nighttime","766",NA,26211.75,0.515706351397755,4.5,"3.014404729033667"
